Lottorad: 11,35,14,26,4,18,6
Datum: 2025-11-26 tid: 16:17:08.384438100

Lottorad: 19,20,22,11,25,26,30
Datum: 2025-11-26 tid: 17:01:41.082750800

Lottorad: 27,22,8,20,30,29,32
Datum: 2025-11-26 tid: 17:01:44.095422500

Lottorad: 24,12,32,25,2,23,33
Datum: 2025-11-26 tid: 17:01:47.575227600

Lottorad: 10,28,31,29,23,20,8
Datum: 2025-11-26 tid: 17:01:54.080224

Lottorad: 33,34,25,4,31,19,17
Datum: 2025-11-26 tid: 17:09:07.500901800

Lottorad: 31,11,1,34,35,5,24
Datum: 2025-11-26 tid: 17:09:43.753081800

Lottorad: 1,6,12,13,9,2,19
Datum: 2025-11-26 tid: 17:09:50.054575800

Lottorad: 31,27,18,35,26,19,21
Datum: 2025-11-26 tid: 17:11:53.682104100

Lottorad: 13,31,34,23,15,28,4
Datum: 2025-11-26 tid: 17:37:16.267091400

Lottorad: 21,26,31,23,22,27,1
Datum: 2025-11-26 tid: 17:37:21.927016500



Lottorad: 22,32,6,12,4,27,33
Datum: 2025-11-26 tid: 18:49:27.337181500

Lottorad: 26,22,29,25,28,12,16
Datum: 2025-11-27 tid: 11:28:54.088284300

